inventory_id,layer,table,ttable_exists,cas_id,orig_stand_id,stand_structure,num_of_layers,lyr_nfl_layer,layer_rank,map_sheet_id,casfri_area,casfri_perimeter,src_inv_area,stand_photo_year,soil_moist_reg,structure_per,structure_range,crown_closure_upper,crown_closure_lower,height_upper,height_lower,productivity,productivity_type,species_1,species_per_1,species_2,species_per_2,species_3,species_per_3,species_4,species_per_4,species_5,species_per_5,species_6,species_per_6,species_7,species_per_7,species_8,species_per_8,species_9,species_per_9,species_10,species_per_10,origin_upper,origin_lower,site_class,site_index,nat_non_veg,non_for_anth,non_for_veg,nfl_crown_closure,nfl_height,dist_type_1,dist_year_1,dist_ext_upper_1,dist_ext_lower_1,dist_type_2,dist_year_2,dist_ext_upper_2,dist_ext_lower_2,dist_type_3,dist_year_3,dist_ext_upper_3,dist_ext_lower_3,wetland_type,wet_veg_cover,wet_landform_mod,wet_local_mod,eco_site,geometry,nfl row_translation_rule
AB,1,,yes,"inventory_id, src_filename, map_sheet_id, orig_stand_id, ogc_fid",orig_stand_id,"stand_structure, nfl, anth_veg, anth_non, nat_non, species_1_layer1, species_2_layer1, species_3_layer1, species_1_layer2, species_2_layer2, species_3_layer2","species_1_layer1, species_1_layer2, nfl, anth_veg, anth_non, nat_non, unfl, uanth_veg, uanth_non, unat_non","species_1_layer1, species_1_layer2, nfl_layer, anth_veg_layer, anth_non_layer, nat_non_layer, unfl_layer, uanth_veg_layer, uanth_non_layer, unat_non_layer",,map_sheet_id,wkb_geometry,wkb_geometry,src_inv_area,wkb_geometry,soil_moist_reg,"stand_structure, struc_val","stand_structure, struc_val",crown_closure_upper,crown_closure_lower,"height_upper, species_1","height_lower, species_1",productivity,,species_1,species_per_1,species_2,species_per_2,species_3,species_per_3,species_4,species_per_4,species_5,species_per_5,,,,,,,,,,,origin_upper,origin_lower,site_class,,nat_non,"anth_veg, anth_non",nfl,"nfl, nfl_crown_closure","nfl, nfl_height",dist_type_1,dist_year_1,dist_ext_upper_1,dist_ext_lower_1,dist_type_2,dist_year_2,dist_ext_upper_2,dist_ext_lower_2,,,,,,,,,,wkb_geometry,
AB06,1,'LYR',no,"inventory_id, src_filename, trm_1, poly_num, ogc_fid",poly_num,"struc, nfl, anth_veg, anth_non, nat_non, sp1, sp2, sp3, usp1, usp2, usp3","sp1, usp1, nfl, anth_veg, anth_non, nat_non, unfl, uanth_veg, uanth_non, unat_non","sp1, usp1, nfl, anth_veg, anth_non, nat_non, unfl, uanth_veg, uanth_non, unat_non",,trm,wkb_geometry,wkb_geometry,shape_area,wkb_geometry,moist_reg,"struc, struc_val","struc, struc_val",density,density,"height, sp1","height, sp1",tpr,,sp1,sp1_per,sp2,sp2_per,sp3,sp3_per,sp4,sp4_per,sp5,sp5_per,,,,,,,,,,,origin,origin,tpr,,,,,,,mod1,mod1_yr,mod1_ext,mod1_ext,mod2,mod2_yr,mod2_ext,mod2_ext,,,,,,,,,,wkb_geometry,
AB06,2,'LYR',no,"inventory_id, src_filename, trm_1, poly_num, ogc_fid",,,,"sp1, usp1, nfl, anth_veg, anth_non, nat_non, unfl, uanth_veg, uanth_non, unat_non",,,,,,,umoist_reg,"ustruc, ustruc_val","ustruc, ustruc_val",udensity,udensity,"uheight, usp1","uheight, usp1",utpr,,usp1,usp1_per,usp2,usp2_per,usp3,usp3_per,usp4,usp4_per,usp5,usp5_per,,,,,,,,,,,uorigin,uorigin,utpr,,,,,,,,,,,,,,,,,,,,,,,,,
AB06,3,'NFL',no,"inventory_id, src_filename, trm_1, poly_num, ogc_fid",,,,"sp1, usp1, nfl, anth_veg, anth_non, nat_non, unfl, uanth_veg, uanth_non, unat_non",,,,,,,moist_reg,"struc, struc_val",,,,,,,,,,,,,,,,,,,,,,,,,,,,,,,,nat_non,"anth_veg, anth_non",nfl,"nfl, nfl_per","nfl, height",,,,,,,,,,,,,,,,,,,
AB06,4,'NFL',no,"inventory_id, src_filename, trm_1, poly_num, ogc_fid",,,,"sp1, usp1, nfl, anth_veg, anth_non, nat_non, unfl, uanth_veg, uanth_non, unat_non",,,,,,,umoist_reg,"ustruc, ustruc_val",,,,,,,,,,,,,,,,,,,,,,,,,,,,,,,,unat_non,"uanth_veg, uanth_non",unfl,"unfl, unfl_per","unfl, uheight",,,,,,,,,,,,,,,,,,,
AB16,1,'LYR',no,"inventory_id, 'CANFOR', src_filename, forest_id_2, ogc_fid",forest_id_2,"std_struct, nat_nonveg, anth_noveg, anthro_veg, nonfor_veg, sp1, sp2, sp3, us_sp1, us_sp2, us_sp3","sp1, us_sp1, nat_nonveg, anth_noveg, anthro_veg, nonfor_veg, us_natnveg, us_annoveg, us_anthveg, nonforvegu","sp1, us_sp1, nat_nonveg, anth_noveg, anthro_veg, nonfor_veg, us_natnveg, us_annoveg, us_anthveg, nonforvegu",,src_filename,wkb_geometry,wkb_geometry,area,wkb_geometry,moisture,"std_struct, NULL","std_struct, NULL",crownclose,crownclose,"height, sp1","height, sp1",tpr,,sp1,sp1_percnt,sp2,sp2_percnt,sp3,sp3_percnt,sp4,sp4_percnt,sp5,sp5_percnt,,,,,,,,,,,origin,origin,tpr,,,,,,,modcon1,modyear1,modext1,modext1,modcon2,modyear2,modext2,modext2,,,,,,,,,,wkb_geometry,
AB16,2,'LYR',no,"inventory_id, 'CANFOR', src_filename, forest_id_2, ogc_fid",,,,"sp1, us_sp1, nat_nonveg, anth_noveg, anthro_veg, nonfor_veg, us_natnveg, us_annoveg, us_anthveg, nonforvegu",,,,,,,us_moist,"us_struc, NULL","us_struc, NULL",us_crown,us_crown,"us_height, us_sp1","us_height, us_sp1",us_tpr,,us_sp1,us_sp1perc,us_sp2,us_sp2perc,us_sp3,us_sp3perc,us_sp4,us_sp4perc,us_sp5,us_sp5perc,,,,,,,,,,,us_origin,us_origin,us_tpr,,,,,,,,,,,,,,,,,,,,,,,,,
AB16,3,'NFL',no,"inventory_id, 'CANFOR', src_filename, forest_id_2, ogc_fid",,,,"sp1, us_sp1, nat_nonveg, anth_noveg, anthro_veg, nonfor_veg, us_natnveg, us_annoveg, us_anthveg, nonforvegu",,,,,,,moisture,"std_struct, NULL",,,,,,,,,,,,,,,,,,,,,,,,,,,,,,,,nat_nonveg,"anth_noveg, anthro_veg",nonfor_veg,"nonfor_veg, nonforvecl","nonfor_veg, height",,,,,,,,,,,,,,,,,,,
AB16,4,'NFL',no,"inventory_id, 'CANFOR', src_filename, forest_id_2, ogc_fid",,,,"sp1, us_sp1, nat_nonveg, anth_noveg, anthro_veg, nonfor_veg, us_natnveg, us_annoveg, us_anthveg, nonforvegu",,,,,,,us_moist,"us_struc, NULL",,,,,,,,,,,,,,,,,,,,,,,,,,,,,,,,us_natnveg,"us_annoveg, us_anthveg",nonforvegu,"nonforvegu, nforvegclu","nonforvegu, us_height",,,,,,,,,,,,,,,,,,,
NB,1,,yes,"inventory_id, src_filename, '', orig_stand_id, ogc_fid",orig_stand_id,"species_1_layer1, species_2_layer1, species_3_layer1, species_4_layer1, species_5_layer1, species_1_layer2, species_2_layer2, species_3_layer2, species_4_layer2, species_5_layer2","species_1_layer1, species_2_layer1, species_3_layer1, species_4_layer1, species_5_layer1, species_1_layer2, species_2_layer2, species_3_layer2, species_4_layer2, species_5_layer2, slu, water_code, wc","species_1_layer1, species_2_layer1, species_3_layer1, species_4_layer1, species_5_layer1, species_1_layer2, species_2_layer2, species_3_layer2, species_4_layer2, species_5_layer2, slu, water_code, wc",,,wkb_geometry,wkb_geometry,src_inv_area,stand_photo_year,,,,crown_closure_upper,crown_closure_lower,height_upper,height_lower,"fst, wc","fst, wc",species_1,species_per_1,species_2,species_per_2,species_3,species_per_3,species_4,species_per_4,species_5,species_per_5,,,,,,,,,,,origin_upper,origin_lower,,,"slu, water_code",slu,"slu, water_code",,,dist_type_1,dist_year_1,,,,,,,,,,,"wc, vt, im","wc, vt, im","wc, vt, im","wc, vt, im",,wkb_geometry,
NB01,1,'LYR',no,"inventory_id, src_filename, '', poly_id, ogc_fid",poly_id,"l1s1, l1s2, l1s3, l1s4, l1s5, l2s1, l2s2, l2s3, l2s4, l2s5","l1s1, l1s2, l1s3, l1s4, l1s5, l2s1, l2s2, l2s3, l2s4, l2s5, slu, water_code, wc","l1s1, l1s2, l1s3, l1s4, l1s5, l2s1, l2s2, l2s3, l2s4, l2s5, slu, water_code, wc",,,wkb_geometry,wkb_geometry,shape_area,datayr,,,,l1cc,l1cc,l1ht,l1ht,"fst, wc","fst, wc",l1s1,l1pr1,l1s2,l1pr2,l1s3,l1pr3,l1s4,l1pr4,l1s5,l1pr5,,,,,,,,,,,l1estyr,l1estyr,,,,,,,,l1trt,l1trtyr,,,,,,,,,,,"wc, vt, im","wc, vt, im","wc, vt, im","wc, vt, im",,wkb_geometry,
NB01,2,'LYR',no,"inventory_id, src_filename, '', poly_id, ogc_fid",,,,"l1s1, l1s2, l1s3, l1s4, l1s5, l2s1, l2s2, l2s3, l2s4, l2s5, slu, water_code, wc",,,,,,,,,,l2cc,l2cc,l2ht,l2ht,"fst, wc","fst, wc",l2s1,l2pr1,l2s2,l2pr2,l2s3,l2pr3,l2s4,l2pr4,l2s5,l2pr5,,,,,,,,,,,l2estyr,l2estyr,,,,,,,,l2trt,l2trtyr,,,,,,,,,,,,,,,,,
NB01,3,'NFL',no,"inventory_id, src_filename, '', poly_id, ogc_fid",,,,"l1s1, l1s2, l1s3, l1s4, l1s5, l2s1, l2s2, l2s3, l2s4, l2s5, slu, water_code, wc",,,,,,,,,,,,,,,,,,,,,,,,,,,,,,,,,,,,,,,,"slu, water_code",slu,"slu, water_code",,,,,,,,,,,,,,,,,,,,,
NB02,1,'LYR',no,"inventory_id, src_filename, '', poly_id, ogc_fid",poly_id,"l1s1, l1s2, l1s3, l1s4, l1s5, l2s1, l2s2, l2s3, l2s4, l2s5","l1s1, l1s2, l1s3, l1s4, l1s5, l2s1, l2s2, l2s3, l2s4, l2s5, slu, waterdefin, wc","l1s1, l1s2, l1s3, l1s4, l1s5, l2s1, l2s2, l2s3, l2s4, l2s5, slu, waterdefin, wc",,,wkb_geometry,wkb_geometry,shape_area,datayr,,,,l1cc,l1cc,l1ht,l1ht,"fst, wc","fst, wc",l1s1,l1pr1,l1s2,l1pr2,l1s3,l1pr3,l1s4,l1pr4,l1s5,l1pr5,,,,,,,,,,,l1estabyr,l1estabyr,,,,,,,,trt,trtyr,,,,,,,,,,,"wc, vt, im","wc, vt, im","wc, vt, im","wc, vt, im",,wkb_geometry,
NB02,2,'LYR',no,"inventory_id, src_filename, '', poly_id, ogc_fid",,,,"l1s1, l1s2, l1s3, l1s4, l1s5, l2s1, l2s2, l2s3, l2s4, l2s5, slu, waterdefin, wc",,,,,,,,,,l2cc,l2cc,l2ht,l2ht,"fst, wc","fst, wc",l2s1,l2pr1,l2s2,l2pr2,l2s3,l2pr3,l2s4,l2pr4,l2s5,l2pr5,,,,,,,,,,,l2estabyr,l2estabyr,,,,,,,,,,,,,,,,,,,,,,,,,,
NB02,3,'NFL',no,"inventory_id, src_filename, '', poly_id, ogc_fid",,,,"l1s1, l1s2, l1s3, l1s4, l1s5, l2s1, l2s2, l2s3, l2s4, l2s5, slu, waterdefin, wc",,,,,,,,,,,,,,,,,,,,,,,,,,,,,,,,,,,,,,,,"slu, waterdefin",slu,"slu, waterdefin",,,,,,,,,,,,,,,,,,,,,
BC,1,,yes,"inventory_id, src_filename, map_sheet_id, orig_stand_id, ogc_fid",orig_stand_id,"species_1_layer1, species_2_layer1, species_3_layer1, species_4_layer1, species_5_layer1, species_6_layer1, species_1_layer2, species_2_layer2, species_3_layer2, species_4_layer2, species_5_layer2, species_6_layer2","species_1_layer1, species_2_layer1, species_3_layer1, species_4_layer1, species_5_layer1, species_6_layer1, species_1_layer2, species_2_layer2, species_3_layer2, species_4_layer2, species_5_layer2, species_6_layer2, inventory_standard_cd, land_cover_class_cd_1, bclcs_level_4, non_productive_descriptor_cd, non_veg_cover_type_1","species_1_layer1, species_2_layer1, species_3_layer1, species_4_layer1, species_5_layer1, species_6_layer1, species_1_layer2, species_2_layer2, species_3_layer2, species_4_layer2, species_5_layer2, species_6_layer2, inventory_standard_cd, land_cover_class_cd_1, bclcs_level_4, non_productive_descriptor_cd, non_veg_cover_type_1, inventory_id",layer_rank,map_sheet_id,wkb_geometry,wkb_geometry,src_inv_area,stand_photo_year,soil_moisture_regime,,,crown_closure_upper,crown_closure_lower,"height_1, height_2, species_pct_1, species_pct_2","height_1, height_2, species_pct_1, species_pct_2",productivity,non_productive_cd,species_1,species_per_1,species_2,species_per_2,species_3,species_per_3,species_4,species_per_4,species_5,species_per_5,species_6,species_per_6,,,,,,,,,"projected_date, proj_age_1","projected_date, proj_age_1",,"site_index, est_site_index","inventory_standard_cd_layer1, land_cover_class_cd_1_layer1, bclcs_level_4_layer1, non_productive_descriptor_cd_layer1, non_veg_cover_type_1_layer1","inventory_standard_cd_layer2, land_cover_class_cd_1_layer2, non_productive_descriptor_cd_layer2, non_veg_cover_type_1_layer2","inventory_standard_cd_layer3, land_cover_class_cd_1_layer3, bclcs_level_4_layer3, non_productive_descriptor_cd_layer3",,,dist_type_1,"dist_type_1, dummy_dist_cutoff",,,,,,,,,,,,,,,,wkb_geometry,"inventory_id, nfl_att1, nfl_att2, nfl_att3, filter1, filter2, filter3, filter4, filter5"
BC08,1,'LYR',no,"inventory_id, src_filename, map_id, feature_id, ogc_fid",feature_id,"l1_species_cd_1, l1_species_cd_2, l1_species_cd_3, l1_species_cd_4, l1_species_cd_5, l1_species_cd_6, l2_species_cd_1, l2_species_cd_2, l2_species_cd_3, l2_species_cd_4, l2_species_cd_5, l2_species_cd_6","l1_species_cd_1, l1_species_cd_2, l1_species_cd_3, l1_species_cd_4, l1_species_cd_5, l1_species_cd_6, l2_species_cd_1, l2_species_cd_2, l2_species_cd_3, l2_species_cd_4, l2_species_cd_5, l2_species_cd_6, inventory_standard_cd, land_cover_class_cd_1, bclcs_level_4, non_productive_descriptor_cd, non_veg_cover_type_1","l1_species_cd_1, l1_species_cd_2, l1_species_cd_3, l1_species_cd_4, l1_species_cd_5, l1_species_cd_6, l2_species_cd_1, l2_species_cd_2, l2_species_cd_3, l2_species_cd_4, l2_species_cd_5, l2_species_cd_6, inventory_standard_cd, land_cover_class_cd_1, bclcs_level_4, non_productive_descriptor_cd, non_veg_cover_type_1, inventory_id",l1_for_cover_rank_cd,map_id,wkb_geometry,wkb_geometry,feature_area_sqm,reference_year,soil_moisture_regime_1,,,l1_crown_closure,l1_crown_closure,"l1_proj_height_1, l1_proj_height_2, l1_species_pct_1, l1_species_pct_2","l1_proj_height_1, l1_proj_height_2, l1_species_pct_1, l1_species_pct_2",for_mgmt_land_base_ind,non_productive_cd,l1_species_cd_1,l1_species_pct_1,l1_species_cd_2,l1_species_pct_2,l1_species_cd_3,l1_species_pct_3,l1_species_cd_4,l1_species_pct_4,l1_species_cd_5,l1_species_pct_5,l1_species_cd_6,l1_species_pct_6,,,,,,,,,"projected_date, l1_proj_age_1","projected_date, l1_proj_age_1",,"l1_site_index, l1_est_site_index",,,,,,line_7b_disturbance_history,"line_7b_disturbance_history, 17",,,,,,,,,,,,,,,,wkb_geometry,
BC08,2,'LYR',no,"inventory_id, src_filename, map_id, feature_id, ogc_fid",,,,"l1_species_cd_1, l1_species_cd_2, l1_species_cd_3, l1_species_cd_4, l1_species_cd_5, l1_species_cd_6, l2_species_cd_1, l2_species_cd_2, l2_species_cd_3, l2_species_cd_4, l2_species_cd_5, l2_species_cd_6, inventory_standard_cd, land_cover_class_cd_1, bclcs_level_4, non_productive_descriptor_cd, non_veg_cover_type_1, inventory_id",l2_for_cover_rank_cd,,,,,,soil_moisture_regime_2,,,l2_crown_closure,l2_crown_closure,"l2_proj_height_1, l2_proj_height_2, l2_species_pct_1, l2_species_pct_2","l2_proj_height_1, l2_proj_height_2, l2_species_pct_1, l2_species_pct_2",for_mgmt_land_base_ind,non_productive_cd,l2_species_cd_1,l2_species_pct_1,l2_species_cd_2,l2_species_pct_2,l2_species_cd_3,l2_species_pct_3,l2_species_cd_4,l2_species_pct_4,l2_species_cd_5,l2_species_pct_5,l2_species_cd_6,l2_species_pct_6,,,,,,,,,"projected_date, l2_proj_age_1","projected_date, l2_proj_age_1",,"l2_site_index, l2_est_site_index",,,,,,,,,,,,,,,,,,,,,,,wkb_geometry,
BC08,3,'NFL',no,"inventory_id, src_filename, map_id, feature_id, ogc_fid",,,,"l1_species_cd_1, l1_species_cd_2, l1_species_cd_3, l1_species_cd_4, l1_species_cd_5, l1_species_cd_6, l2_species_cd_1, l2_species_cd_2, l2_species_cd_3, l2_species_cd_4, l2_species_cd_5, l2_species_cd_6, inventory_standard_cd, land_cover_class_cd_1, bclcs_level_4, non_productive_descriptor_cd, non_veg_cover_type_1, inventory_id",,,,,,,,,,,,,,,,,,,,,,,,,,,,,,,,,,,,,,,,"inventory_standard_cd, land_cover_class_cd_1, bclcs_level_4, non_productive_descriptor_cd, non_veg_cover_type_1","NULL, NULL, NULL, NULL","NULL, NULL, NULL, NULL",,,,,,,,,,,,,,,,,,,,,"inventory_id, 'nat_non_veg', NULL, NULL, inventory_standard_cd, land_cover_class_cd_1, bclcs_level_4, non_productive_descriptor_cd, non_veg_cover_type_1"
BC08,4,'NFL',no,"inventory_id, src_filename, map_id, feature_id, ogc_fid",,,,"l1_species_cd_1, l1_species_cd_2, l1_species_cd_3, l1_species_cd_4, l1_species_cd_5, l1_species_cd_6, l2_species_cd_1, l2_species_cd_2, l2_species_cd_3, l2_species_cd_4, l2_species_cd_5, l2_species_cd_6, inventory_standard_cd, land_cover_class_cd_1, bclcs_level_4, non_productive_descriptor_cd, non_veg_cover_type_1, inventory_id",,,,,,,,,,,,,,,,,,,,,,,,,,,,,,,,,,,,,,,,"NULL, NULL, NULL, NULL, NULL","inventory_standard_cd, land_cover_class_cd_1, non_productive_descriptor_cd, non_veg_cover_type_1","NULL, NULL, NULL, NULL",,,,,,,,,,,,,,,,,,,,,"inventory_id, 'non_for_anth', NULL, NULL, inventory_standard_cd, land_cover_class_cd_1, bclcs_level_4, non_productive_descriptor_cd, non_veg_cover_type_1"
BC08,5,'NFL',no,"inventory_id, src_filename, map_id, feature_id, ogc_fid",,,,"l1_species_cd_1, l1_species_cd_2, l1_species_cd_3, l1_species_cd_4, l1_species_cd_5, l1_species_cd_6, l2_species_cd_1, l2_species_cd_2, l2_species_cd_3, l2_species_cd_4, l2_species_cd_5, l2_species_cd_6, inventory_standard_cd, land_cover_class_cd_1, bclcs_level_4, non_productive_descriptor_cd, non_veg_cover_type_1, inventory_id",,,,,,,,,,,,,,,,,,,,,,,,,,,,,,,,,,,,,,,,"NULL, NULL, NULL, NULL, NULL","NULL, NULL, NULL, NULL","inventory_standard_cd, land_cover_class_cd_1, bclcs_level_4, non_productive_descriptor_cd",,,,,,,,,,,,,,,,,,,,,"inventory_id, 'non_for_veg', NULL, NULL, inventory_standard_cd, land_cover_class_cd_1, bclcs_level_4, non_productive_descriptor_cd, non_veg_cover_type_1"
BC10,1,'LYR',no,"inventory_id, src_filename, map_id, feature_id, ogc_fid",feature_id,"l1_species_cd_1, l1_species_cd_2, l1_species_cd_3, l1_species_cd_4, l1_species_cd_5, l1_species_cd_6, l2_species_cd_1, l2_species_cd_2, l2_species_cd_3, l2_species_cd_4, l2_species_cd_5, l2_species_cd_6","l1_species_cd_1, l1_species_cd_2, l1_species_cd_3, l1_species_cd_4, l1_species_cd_5, l1_species_cd_6, l2_species_cd_1, l2_species_cd_2, l2_species_cd_3, l2_species_cd_4, l2_species_cd_5, l2_species_cd_6, inventory_standard_cd, land_cover_class_cd_1, bclcs_level_4, non_productive_descriptor_cd, non_veg_cover_type_1","l1_species_cd_1, l1_species_cd_2, l1_species_cd_3, l1_species_cd_4, l1_species_cd_5, l1_species_cd_6, l2_species_cd_1, l2_species_cd_2, l2_species_cd_3, l2_species_cd_4, l2_species_cd_5, l2_species_cd_6, inventory_standard_cd, land_cover_class_cd_1, bclcs_level_4, non_productive_descriptor_cd, non_veg_cover_type_1, inventory_id",l1_for_cover_rank_cd,map_id,wkb_geometry,wkb_geometry,feature_area_sqm,reference_year,soil_moisture_regime_1,,,l1_crown_closure,l1_crown_closure,"l1_proj_height_1, l1_proj_height_2, l1_species_pct_1, l1_species_pct_2","l1_proj_height_1, l1_proj_height_2, l1_species_pct_1, l1_species_pct_2",for_mgmt_land_base_ind,non_productive_cd,l1_species_cd_1,l1_species_pct_1,l1_species_cd_2,l1_species_pct_2,l1_species_cd_3,l1_species_pct_3,l1_species_cd_4,l1_species_pct_4,l1_species_cd_5,l1_species_pct_5,l1_species_cd_6,l1_species_pct_6,,,,,,,,,"projected_date, l1_proj_age_1","projected_date, l1_proj_age_1",,"l1_site_index, l1_est_site_index",,,,,,line_7b_disturbance_history,"line_7b_disturbance_history, 18",,,,,,,,,,,,,,,,wkb_geometry,
BC10,2,'LYR',no,"inventory_id, src_filename, map_id, feature_id, ogc_fid",,,,"l1_species_cd_1, l1_species_cd_2, l1_species_cd_3, l1_species_cd_4, l1_species_cd_5, l1_species_cd_6, l2_species_cd_1, l2_species_cd_2, l2_species_cd_3, l2_species_cd_4, l2_species_cd_5, l2_species_cd_6, inventory_standard_cd, land_cover_class_cd_1, bclcs_level_4, non_productive_descriptor_cd, non_veg_cover_type_1, inventory_id",l2_for_cover_rank_cd,,,,,,soil_moisture_regime_2,,,l2_crown_closure,l2_crown_closure,"l2_proj_height_1, l2_proj_height_2, l2_species_pct_1, l2_species_pct_2","l2_proj_height_1, l2_proj_height_2, l2_species_pct_1, l2_species_pct_2",for_mgmt_land_base_ind,non_productive_cd,l2_species_cd_1,l2_species_pct_1,l2_species_cd_2,l2_species_pct_2,l2_species_cd_3,l2_species_pct_3,l2_species_cd_4,l2_species_pct_4,l2_species_cd_5,l2_species_pct_5,l2_species_cd_6,l2_species_pct_6,,,,,,,,,"projected_date, l2_proj_age_1","projected_date, l2_proj_age_1",,"l2_site_index, l2_est_site_index",,,,,,,,,,,,,,,,,,,,,,,wkb_geometry,
BC10,3,'NFL',no,"inventory_id, src_filename, map_id, feature_id, ogc_fid",,,,"l1_species_cd_1, l1_species_cd_2, l1_species_cd_3, l1_species_cd_4, l1_species_cd_5, l1_species_cd_6, l2_species_cd_1, l2_species_cd_2, l2_species_cd_3, l2_species_cd_4, l2_species_cd_5, l2_species_cd_6, inventory_standard_cd, land_cover_class_cd_1, bclcs_level_4, non_productive_descriptor_cd, non_veg_cover_type_1, inventory_id",,,,,,,,,,,,,,,,,,,,,,,,,,,,,,,,,,,,,,,,"inventory_standard_cd, land_cover_class_cd_1, bclcs_level_4, non_productive_descriptor_cd, non_veg_cover_type_1","NULL, NULL, NULL, NULL","NULL, NULL, NULL, NULL",,,,,,,,,,,,,,,,,,,,,"inventory_id, 'nat_non_veg', NULL, NULL, inventory_standard_cd, land_cover_class_cd_1, bclcs_level_4, non_productive_descriptor_cd, non_veg_cover_type_1"
BC10,4,'NFL',no,"inventory_id, src_filename, map_id, feature_id, ogc_fid",,,,"l1_species_cd_1, l1_species_cd_2, l1_species_cd_3, l1_species_cd_4, l1_species_cd_5, l1_species_cd_6, l2_species_cd_1, l2_species_cd_2, l2_species_cd_3, l2_species_cd_4, l2_species_cd_5, l2_species_cd_6, inventory_standard_cd, land_cover_class_cd_1, bclcs_level_4, non_productive_descriptor_cd, non_veg_cover_type_1, inventory_id",,,,,,,,,,,,,,,,,,,,,,,,,,,,,,,,,,,,,,,,"NULL, NULL, NULL, NULL, NULL","inventory_standard_cd, land_cover_class_cd_1, non_productive_descriptor_cd, non_veg_cover_type_1","NULL, NULL, NULL, NULL",,,,,,,,,,,,,,,,,,,,,"inventory_id, 'non_for_anth', NULL, NULL, inventory_standard_cd, land_cover_class_cd_1, bclcs_level_4, non_productive_descriptor_cd, non_veg_cover_type_1"
BC10,5,'NFL',no,"inventory_id, src_filename, map_id, feature_id, ogc_fid",,,,"l1_species_cd_1, l1_species_cd_2, l1_species_cd_3, l1_species_cd_4, l1_species_cd_5, l1_species_cd_6, l2_species_cd_1, l2_species_cd_2, l2_species_cd_3, l2_species_cd_4, l2_species_cd_5, l2_species_cd_6, inventory_standard_cd, land_cover_class_cd_1, bclcs_level_4, non_productive_descriptor_cd, non_veg_cover_type_1, inventory_id",,,,,,,,,,,,,,,,,,,,,,,,,,,,,,,,,,,,,,,,"NULL, NULL, NULL, NULL, NULL","NULL, NULL, NULL, NULL","inventory_standard_cd, land_cover_class_cd_1, bclcs_level_4, non_productive_descriptor_cd",,,,,,,,,,,,,,,,,,,,,"inventory_id, 'non_for_veg', NULL, NULL, inventory_standard_cd, land_cover_class_cd_1, bclcs_level_4, non_productive_descriptor_cd, non_veg_cover_type_1"
NT,1,,yes,"inventory_id, src_filename, map_sheet_id, orig_stand_id, ogc_fid",orig_stand_id,"stand_structure, typeclas_layer1, typeclas_layer2, species_1_layer1, species_2_layer1, species_3_layer1, species_1_layer2, species_2_layer2, species_3_layer2","species_1_layer1, species_2_layer1, species_3_layer1, species_4_layer1, species_1_layer2, species_2_layer2, species_3_layer2, species_4_layer2, typeclas_layer1, typeclas_layer2","species_1_layer1, species_2_layer1, species_3_layer1, species_4_layer1, species_1_layer2, species_2_layer2, species_3_layer2, species_4_layer2, typeclas_layer1, typeclas_layer2",,,casfri_area,casfri_perimeter,src_inv_area,stand_photo_year,soil_moist_reg,"stand_structure, structure_per","stand_structure2, structure_range",crown_closure_upper,crown_closure_lower,height_upper,height_lower,productivity,productivity,"species_1, typeclas",species_per_1,species_2,species_per_2,species_3,species_per_3,species_4,species_per_4,,,,,,,,,,,,,origin_upper,origin_lower,site_class,site_index,typeclas,typeclas,typeclas,nfl_crown_closure,,dist_type_1,dist_year_1,dist_ext_upper_1,dist_ext_lower_1,,,,,,,,,,,,,,wkb_geometry,"typeclas, species_1, species_2, species_3, species_4"
NT01,1,'LYR',no,"inventory_id, src_filename, invproj_id, fc_id_1, ogc_fid",fc_id_1,"structur, typeclas, mintypecla, sp1, sp2, sp3, minsp1, minsp2, minsp3","sp1, sp2, sp3, sp4, minsp1, minsp2, minsp3, minsp4, typeclas, mintypecla","sp1, sp2, sp3, sp4, minsp1, minsp2, minsp3, minsp4, typeclas, mintypecla",,,wkb_geometry,wkb_geometry,areaha,ref_year,moisture,"structur, strc_per","structur, strc_per",crownclos,crownclos,height,height,landuse,landuse,"sp1, typeclas",sp1_per,sp2,sp2per,sp3,sp3per,sp4,sp4per,,,,,,,,,,,,,origin,origin,siteclass,si_50,,,,,,dis1code,dis1year,dis1ext,dis1ext,,,,,,,,,,,,,,wkb_geometry,"typeclas, sp1, sp2, sp3, sp4"
NT01,2,'LYR',no,"inventory_id, src_filename, invproj_id, fc_id_1, ogc_fid",,,,"sp1, sp2, sp3, sp4, minsp1, minsp2, minsp3, minsp4, typeclas, mintypecla",,,,,,,minmoist,"structur, strc_per","NULL, NULL",mincrowncl,mincrowncl,minheight,minheight,landuse,landuse,"minsp1, mintypecla",minsp1per,minsp2,minsp2per,minsp3,minsp3per,minsp4,minsp4per,,,,,,,,,,,,,minorigin,minorigin,minsitecla,si_50,,,,,,,,,,,,,,,,,,,,,,,,"mintypecla, minsp1, minsp2, minsp3, minsp4"
NT01,3,'NFL',no,"inventory_id, src_filename, invproj_id, fc_id_1, ogc_fid",,,,"sp1, sp2, sp3, sp4, minsp1, minsp2, minsp3, minsp4, typeclas, mintypecla",,,,,,,moisture,"structur, strc_per",,crownclos,crownclos,,,,,,,,,,,,,,,,,,,,,,,,,,,,,typeclas,typeclas,typeclas,,,,,,,,,,,,,,,,,,,,,"typeclas, sp1, sp2, sp3, sp4"
NT01,4,'NFL',no,"inventory_id, src_filename, invproj_id, fc_id_1, ogc_fid",,,,"sp1, sp2, sp3, sp4, minsp1, minsp2, minsp3, minsp4, typeclas, mintypecla",,,,,,,minmoist,"structur, strc_per",,mincrowncl,mincrowncl,,,,,,,,,,,,,,,,,,,,,,,,,,,,,mintypecla,mintypecla,mintypecla,,,,,,,,,,,,,,,,,,,,,"mintypecla, minsp1, minsp2, minsp3, minsp4"
NT02,1,'LYR',no,"inventory_id, src_filename, invproj_id, fc_id, ogc_fid",fc_id,"structur, typeclas, mintypeclas, sp1, sp2, sp3, minsp1, minsp2, minsp3","sp1, sp2, sp3, sp4, minsp1, minsp2, minsp3, minsp4, typeclas, mintypeclas","sp1, sp2, sp3, sp4, minsp1, minsp2, minsp3, minsp4, typeclas, mintypeclas",,,wkb_geometry,wkb_geometry,areaha,ref_year,moisture,"structur, strc_per","structur, strc_per",crownclos,crownclos,height,height,landuse,landuse,"sp1, typeclas",sp1_per,sp2,sp2per,sp3,sp3per,sp4,sp4per,,,,,,,,,,,,,origin,origin,siteclass,si_50,,,,,,dis1code,dis1year,dis1ext,dis1ext,,,,,,,,,,,,,,wkb_geometry,"typeclas, sp1, sp2, sp3, sp4"
NT02,2,'LYR',no,"inventory_id, src_filename, invproj_id, fc_id, ogc_fid",,,,"sp1, sp2, sp3, sp4, minsp1, minsp2, minsp3, minsp4, typeclas, mintypeclas",,,wkb_geometry,wkb_geometry,areaha,ref_year,minmoist,"structur, strc_per","NULL, NULL",mincrownclos,mincrownclos,minheight,minheight,landuse,landuse,"minsp1, mintypeclas",minsp1per,minsp2,minsp2per,minsp3,minsp3per,minsp4,minsp4per,,,,,,,,,,,,,minorigin,minorigin,minsiteclass,si_50,,,,,,,,,,,,,,,,,,,,,,,,"mintypeclas, minsp1, minsp2,  minsp3, minsp4 "
NT02,3,'NFL',no,"inventory_id, src_filename, invproj_id, fc_id, ogc_fid",,,,"sp1, sp2, sp3, sp4, minsp1, minsp2, minsp3, minsp4, typeclas, mintypeclas",,,,,,,moisture,"structur, strc_per",,crownclos,crownclos,,,,,,,,,,,,,,,,,,,,,,,,,,,,,typeclas,typeclas,typeclas,,,,,,,,,,,,,,,,,,,,,"typeclas, sp1, sp2, sp3, sp4"
NT02,4,'NFL',no,"inventory_id, src_filename, invproj_id, fc_id, ogc_fid",,,,"sp1, sp2, sp3, sp4, minsp1, minsp2, minsp3, minsp4, typeclas, mintypeclas",,,,,,,minmoist,"structur, strc_per",,mincrownclos,mincrownclos,,,,,,,,,,,,,,,,,,,,,,,,,,,,,mintypeclas,mintypeclas,mintypeclas,,,,,,,,,,,,,,,,,,,,,"mintypeclas, minsp1, minsp2,  minsp3, minsp4 "
QC,1,,yes,"inventory_id, src_filename, '', '', ogc_fid",ogc_fid,cl_age,cl_age,"gr_ess, sup_etage, inf_etage",,,wkb_geometry,wkb_geometry,superficie,stand_photo_year,soil_moist_reg,,,"cl_age, dummy_lookupcol, in_etage, et_domi, sup_cl_age_et, inf_cl_age_et, sup_densite, inf_densite, cl_dens, layer","cl_age, dummy_lookupcol, in_etage, et_domi, sup_cl_age_et, inf_cl_age_et, sup_densite, inf_densite, cl_dens, layer","cl_age, dummy_lookupcol, in_etage, et_domi, sup_cl_age_et, inf_cl_age_et, sup_hauteur, inf_hauteur, cl_haut, layer","cl_age, dummy_lookupcol, in_etage, et_domi, sup_cl_age_et, inf_cl_age_et, sup_hauteur, inf_hauteur, cl_haut, layer",cl_age,,gr_ess,gr_ess,gr_ess,gr_ess,gr_ess,,,,,,,,,,,,,,,,origin_upper,origin_lower,,,typeclas,typeclas,typeclas,,,"dist_type_1, perturb","dist_year_1,an_perturb",,,"dist_type_2, perturb","dist_year_2,an_perturb",,,,,,,co_ter,,,,,wkb_geometry,
QC03,1,'LYR',no,"inventory_id, src_filename, '', '', ogc_fid",ogc_fid,cl_age,cl_age,gr_ess,,,wkb_geometry,wkb_geometry,superficie,an_pro_ori,cl_drai,,,"cl_age, 'layer_1_age', in_etage, et_domi, sup_cl_age_et, inf_cl_age_et, sup_densite, inf_densite, cl_dens, layer","cl_age, 'layer_1_age', in_etage, et_domi, sup_cl_age_et, inf_cl_age_et, sup_densite, inf_densite, cl_dens, layer","cl_age, 'layer_1_age', in_etage, et_domi, sup_cl_age_et, inf_cl_age_et, sup_hauteur, inf_hauteur, cl_haut, layer","cl_age, 'layer_1_age', in_etage, et_domi, sup_cl_age_et, inf_cl_age_et, sup_hauteur, inf_hauteur, cl_haut, layer",cl_age,,gr_ess,gr_ess,gr_ess,gr_ess,gr_ess,,,,,,,,,,,,,,,,"cl_age, an_pro_ori","cl_age, an_pro_ori",,,co_ter,co_ter,co_ter,,,"origine, perturb","an_origine,an_perturb",,,"origine, perturb","an_origine,an_perturb",,,,,,,co_ter,,,,,wkb_geometry,
QC03,2,'LYR',no,"inventory_id, src_filename, '', '', ogc_fid",ogc_fid,cl_age,cl_age,gr_ess,,,wkb_geometry,wkb_geometry,superficie,an_pro_ori,cl_drai,,,"cl_age, 'layer_2_age', in_etage, et_domi, sup_cl_age_et, inf_cl_age_et, sup_densite, inf_densite, cl_dens, layer","cl_age, 'layer_2_age', in_etage, et_domi, sup_cl_age_et, inf_cl_age_et, sup_densite, inf_densite, cl_dens, layer","cl_age, 'layer_2_age', in_etage, et_domi, sup_cl_age_et, inf_cl_age_et, sup_hauteur, inf_hauteur, cl_haut, layer","cl_age, 'layer_2_age', in_etage, et_domi, sup_cl_age_et, inf_cl_age_et, sup_hauteur, inf_hauteur, cl_haut, layer",,,gr_ess,gr_ess,gr_ess,gr_ess,gr_ess,,,,,,,,,,,,,,,,"cl_age, an_pro_ori","cl_age, an_pro_ori",,,co_ter,co_ter,co_ter,,,"origine, perturb","an_origine,an_perturb",,,"origine, perturb","an_origine,an_perturb",,,,,,,co_ter,,,,,wkb_geometry,
QC03,3,'NFL',no,"inventory_id, src_filename, '', '', ogc_fid",ogc_fid,cl_age,cl_age,gr_ess,,,wkb_geometry,wkb_geometry,,an_pro_ori,cl_drai,,,"cl_age, dummy_lookupcol, in_etage, et_domi, sup_cl_age_et, inf_cl_age_et, sup_densite, inf_densite, cl_dens, layer","cl_age, dummy_lookupcol, in_etage, et_domi, sup_cl_age_et, inf_cl_age_et, sup_densite, inf_densite, cl_dens, layer","cl_age, dummy_lookupcol, in_etage, et_domi, sup_cl_age_et, inf_cl_age_et, sup_hauteur, inf_hauteur, cl_haut, layer","cl_age, dummy_lookupcol, in_etage, et_domi, sup_cl_age_et, inf_cl_age_et, sup_hauteur, inf_hauteur, cl_haut, layer",cl_age,,,,,,,,,,,,,,,,,,,,,,"cl_age, an_pro_ori","cl_age, an_pro_ori",,,co_ter,co_ter,co_ter,,,"origine, perturb","an_origine,an_perturb",,,"origine, perturb","an_origine,an_perturb",,,,,,,co_ter,,,,,wkb_geometry,
QC04,1,'LYR',no,"inventory_id, src_filename, '', '', ogc_fid",ogc_fid,cl_age,cl_age,gr_ess,,,wkb_geometry,wkb_geometry,,an_pro_ori,cl_drai,,,"cl_age, 'layer_1_age', in_etage, et_domi, sup_cl_age_et, inf_cl_age_et, sup_densite, inf_densite, cl_dens, layer","cl_age, 'layer_1_age', in_etage, et_domi, sup_cl_age_et, inf_cl_age_et, sup_densite, inf_densite, cl_dens, layer","cl_age, 'layer_1_age', in_etage, et_domi, sup_cl_age_et, inf_cl_age_et, sup_hauteur, inf_hauteur, cl_haut, layer","cl_age, 'layer_1_age', in_etage, et_domi, sup_cl_age_et, inf_cl_age_et, sup_hauteur, inf_hauteur, cl_haut, layer",cl_age,,gr_ess,gr_ess,gr_ess,gr_ess,gr_ess,,,,,,,,,,,,,,,,"cl_age, an_pro_ori","cl_age, an_pro_ori",,,co_ter,co_ter,co_ter,,,"origine, perturb","an_origine,an_perturb",,,"origine, perturb","an_origine,an_perturb",,,,,,,co_ter,,,,,wkb_geometry,
QC04,2,'LYR',no,"inventory_id, src_filename, '', '', ogc_fid",ogc_fid,cl_age,cl_age,gr_ess,,,wkb_geometry,wkb_geometry,,an_pro_ori,cl_drai,,,"cl_age, 'layer_2_age', in_etage, et_domi, sup_cl_age_et, inf_cl_age_et, sup_densite, inf_densite, cl_dens, layer","cl_age, 'layer_2_age', in_etage, et_domi, sup_cl_age_et, inf_cl_age_et, sup_densite, inf_densite, cl_dens, layer","cl_age, 'layer_2_age', in_etage, et_domi, sup_cl_age_et, inf_cl_age_et, sup_hauteur, inf_hauteur, cl_haut, layer","cl_age, 'layer_2_age', in_etage, et_domi, sup_cl_age_et, inf_cl_age_et, sup_hauteur, inf_hauteur, cl_haut, layer",,,gr_ess,gr_ess,gr_ess,gr_ess,gr_ess,,,,,,,,,,,,,,,,"cl_age, an_pro_ori","cl_age, an_pro_ori",,,co_ter,co_ter,co_ter,,,"origine, perturb","an_origine,an_perturb",,,"origine, perturb","an_origine,an_perturb",,,,,,,co_ter,,,,,wkb_geometry,
QC04,3,'NFL',no,"inventory_id, src_filename, '', '', ogc_fid",ogc_fid,cl_age,cl_age,gr_ess,,,wkb_geometry,wkb_geometry,,an_pro_ori,cl_drai,,,"cl_age, dummy_lookupcol, in_etage, et_domi, sup_cl_age_et, inf_cl_age_et, sup_densite, inf_densite, cl_dens, layer","cl_age, dummy_lookupcol, in_etage, et_domi, sup_cl_age_et, inf_cl_age_et, sup_densite, inf_densite, cl_dens, layer","cl_age, dummy_lookupcol, in_etage, et_domi, sup_cl_age_et, inf_cl_age_et, sup_hauteur, inf_hauteur, cl_haut, layer","cl_age, dummy_lookupcol, in_etage, et_domi, sup_cl_age_et, inf_cl_age_et, sup_hauteur, inf_hauteur, cl_haut, layer",cl_age,,,,,,,,,,,,,,,,,,,,,,"cl_age, an_pro_ori","cl_age, an_pro_ori",,,co_ter,co_ter,co_ter,,,"origine, perturb","an_origine,an_perturb",,,"origine, perturb","an_origine,an_perturb",,,,,,,co_ter,,,,,wkb_geometry,
QC05,1,'LYR',no,"inventory_id, src_filename, '', '', ogc_fid",ogc_fid,cl_age,cl_age,"sup_etage, inf_etage",,,wkb_geometry,wkb_geometry,,an_pro_ori,cl_drai,,,"cl_age, 'layer_1_age', in_etage, et_domi, sup_cl_age_et, inf_cl_age_et, sup_densite, inf_densite, cl_dens, layer","cl_age, 'layer_1_age', in_etage, et_domi, sup_cl_age_et, inf_cl_age_et, sup_densite, inf_densite, cl_dens, layer","cl_age, 'layer_1_age', in_etage, et_domi, sup_cl_age_et, inf_cl_age_et, sup_hauteur, inf_hauteur, cl_haut, layer","cl_age, 'layer_1_age', in_etage, et_domi, sup_cl_age_et, inf_cl_age_et, sup_hauteur, inf_hauteur, cl_haut, layer",cl_age,,sup_eta_ess_pc,sup_eta_ess_pc,sup_eta_ess_pc,sup_eta_ess_pc,sup_eta_ess_pc,sup_eta_ess_pc,sup_eta_ess_pc,sup_eta_ess_pc,sup_eta_ess_pc,sup_eta_ess_pc,,,,,,,,,,,"cl_age, an_pro_ori","cl_age, an_pro_ori",,,co_ter,co_ter,co_ter,,,"origine, perturb","an_origine,an_perturb",,,"origine, perturb","an_origine,an_perturb",,,,,,,co_ter,,,,,wkb_geometry,
QC05,2,'LYR',no,"inventory_id, src_filename, '', '', ogc_fid",ogc_fid,cl_age,cl_age,"sup_etage, inf_etage",,,wkb_geometry,wkb_geometry,,an_pro_ori,cl_drai,,,"cl_age, 'layer_2_age', in_etage, et_domi, sup_cl_age_et, inf_cl_age_et, sup_densite, inf_densite, cl_dens, layer","cl_age, 'layer_2_age', in_etage, et_domi, sup_cl_age_et, inf_cl_age_et, sup_densite, inf_densite, cl_dens, layer","cl_age, 'layer_2_age', in_etage, et_domi, sup_cl_age_et, inf_cl_age_et, sup_hauteur, inf_hauteur, cl_haut, layer","cl_age, 'layer_2_age', in_etage, et_domi, sup_cl_age_et, inf_cl_age_et, sup_hauteur, inf_hauteur, cl_haut, layer",,,inf_eta_ess_pc,inf_eta_ess_pc,inf_eta_ess_pc,inf_eta_ess_pc,inf_eta_ess_pc,inf_eta_ess_pc,inf_eta_ess_pc,inf_eta_ess_pc,inf_eta_ess_pc,inf_eta_ess_pc,,,,,,,,,,,"cl_age, an_pro_ori","cl_age, an_pro_ori",,,co_ter,co_ter,co_ter,,,"origine, perturb","an_origine,an_perturb",,,"origine, perturb","an_origine,an_perturb",,,,,,,co_ter,,,,,wkb_geometry,
QC05,3,'NFL',no,"inventory_id, src_filename, '', '', ogc_fid",ogc_fid,cl_age,cl_age,"sup_etage, inf_etage",,,wkb_geometry,wkb_geometry,,an_pro_ori,cl_drai,,,"cl_age, 'layer_2_age', in_etage, et_domi, sup_cl_age_et, inf_cl_age_et, sup_densite, inf_densite, cl_dens, layer","cl_age, 'layer_2_age', in_etage, et_domi, sup_cl_age_et, inf_cl_age_et, sup_densite, inf_densite, cl_dens, layer","cl_age, 'layer_2_age', in_etage, et_domi, sup_cl_age_et, inf_cl_age_et, sup_hauteur, inf_hauteur, cl_haut, layer","cl_age, 'layer_2_age', in_etage, et_domi, sup_cl_age_et, inf_cl_age_et, sup_hauteur, inf_hauteur, cl_haut, layer",,,sup_eta_ess_pc,,,,,,,,,,,,,,,,,,,,"cl_age, an_pro_ori","cl_age, an_pro_ori",,,co_ter,co_ter,co_ter,,,"origine, perturb","an_origine,an_perturb",,,"origine, perturb","an_origine,an_perturb",,,,,,,co_ter,,,,,wkb_geometry,
ON,1,,yes,"inventory_id, src_filename, '', orig_stand_id, ogc_fid",orig_stand_id,"stand_structure,species_layer1, species_layer2","species_layer1, species_layer2, polytype","species_layer1, species_layer2, polytype",,,wkb_geometry,wkb_geometry,src_inv_area,stand_photo_year,,,,crown_closure_upper,crown_closure_lower,height_upper,height_lower,"formod, polytype","formod, polytype",species,species,species,species,species,species,species,species,species,species,species,species,species,species,species,species,species,species,species,species,origin_upper,origin_lower,site_class,site_index,polytype,polytype,polytype,,,dist_type_1,dist_year_1,,,,,,,,,,,,,,,,wkb_geometry,
ON02,1,'LYR',no,"inventory_id, src_filename, '', polyid, ogc_fid",polyid,"vert,ospcomp, uspcomp","ospcomp, uspcomp, polytype","ospcomp, uspcomp, polytype",,,wkb_geometry,wkb_geometry,area,yrsource,,,,occlo,occlo,oht,oht,"formod, polytype","formod, polytype",ospcomp,ospcomp,ospcomp,ospcomp,ospcomp,ospcomp,ospcomp,ospcomp,ospcomp,ospcomp,ospcomp,ospcomp,ospcomp,ospcomp,ospcomp,ospcomp,ospcomp,ospcomp,ospcomp,ospcomp,oyrorg,oyrorg,osc,osi,,,,,,devstage,yrdep,,,,,,,,,,,,,,,,wkb_geometry,
ON02,2,'LYR',no,"inventory_id, src_filename, '', polyid, ogc_fid",,,,"ospcomp, uspcomp, polytype",,,,,,yrsource,,,,ucclo,ucclo,uht,uht,"formod, polytype","formod, polytype",uspcomp,uspcomp,uspcomp,uspcomp,uspcomp,uspcomp,uspcomp,uspcomp,uspcomp,uspcomp,uspcomp,uspcomp,uspcomp,uspcomp,uspcomp,uspcomp,uspcomp,uspcomp,uspcomp,uspcomp,uyrorg,uyrorg,usc,usi,,,,,,,,,,,,,,,,,,,,,,,,
ON02,3,'NFL',no,"inventory_id, src_filename, '', polyid, ogc_fid",,,,"ospcomp, uspcomp, polytype",,,,,,,,,,,,,,,,,,,,,,,,,,,,,,,,,,,,,,,,polytype,polytype,polytype,,,,,,,,,,,,,,,,,,,,,
YT,1,,yes,"inventory_id, src_filename, '', orig_stand_id, ogc_fid",orig_stand_id,,,,,,wkb_geometry,wkb_geometry,,stand_photo_year,"soil_moist_reg, type_lnd, class, landpos, cl_mod",,,crown_closure_upper,crown_closure_lower,height_upper,height_lower,,,species_1,species_per_1,species_2,species_per_2,species_3,species_per_3,species_4,species_per_4,,,,,,,,,,,,,"age, ref_year","age, ref_year",site_class,site_index,"type_lnd, class, landpos","type_lnd, class","type_lnd, class, cl_mod",,,dist_type_1,dist_year_1,,,dist_type_2,dist_year_2,,,,,,,,,,,,wkb_geometry,
YT02,1,'LYR',no,"inventory_id, src_filename, '', poly_no, ogc_fid",poly_no,,,,,,wkb_geometry,wkb_geometry,,ref_year,"smr, type_lnd, class, landpos, cl_mod",,,cc,cc,avg_ht,avg_ht,,,sp1,sp1_per,sp2,sp2_per,sp3,sp3_per,sp4,sp4_per,,,,,,,,,,,,,"age, ref_year","age, ref_year",site_class,site_index,,,,,,dist_code1,dist_year1,,,dist_code2,dist_year2,,,,,,,,,,,,wkb_geometry,
YT02,2,'NFL',no,"inventory_id, src_filename, '', poly_no, ogc_fid",,,,,,,,,,,"smr, type_lnd, class, landpos, cl_mod",,,,,,,,,,,,,,,,,,,,,,,,,,,,,,,,,"type_lnd, class, landpos","type_lnd, class","type_lnd, class, cl_mod",,,,,,,,,,,,,,,,,,,,,
SK_UTM,1,,yes,"inventory_id, src_filename, '', orig_stand_id, ogc_fid",orig_stand_id,"species_1_layer1, species_2_layer1, species_3_layer1, species_4_layer1, species_5_layer1, species_1_layer2, species_2_layer2","species_1_layer1, species_2_layer1, species_3_layer1, species_4_layer1, species_5_layer1, species_1_layer2, species_2_layer2, np","species_1_layer1, species_2_layer1, species_3_layer1, species_4_layer1, species_5_layer1, species_1_layer2, species_2_layer2, np",,map_sheet_id,wkb_geometry,wkb_geometry,src_inv_area,stand_photo_year,soil_moist_reg,,,crown_closure_upper,crown_closure_lower,height_upper,height_lower,productivity_type,productivity_type,"species_1, species_2, species_3, species_4, species_5","species_1, species_2, species_3, species_4, species_5","species_1, species_2, species_3, species_4, species_5","species_1, species_2, species_3, species_4, species_5","species_1, species_2, species_3, species_4, species_5","species_1, species_2, species_3, species_4, species_5","species_1, species_2, species_3, species_4, species_5","species_1, species_2, species_3, species_4, species_5","species_1, species_2, species_3, species_4, species_5","species_1, species_2, species_3, species_4, species_5",,,,,,,,,,,origin_upper,origin_lower,,,np,np,np,,,dist_type_1,dist_year_1,,,,,,,,,,,,,,,,wkb_geometry,
SK01,1,'LYR',no,"inventory_id, src_filename, '', mapfid, ogc_fid",mapfid,"sp10, sp11, sp12, sp20, sp21, u1, u2","sp10, sp11, sp12, sp20, sp21, u1, u2, np","sp10, sp11, sp12, sp20, sp21, u1, u2, np",,map,wkb_geometry,wkb_geometry,orgarea,syr,drain,,,d,d,hgt,hgt,np,np,"sp10, sp11, sp12, sp20, sp21","sp10, sp11, sp12, sp20, sp21","sp10, sp11, sp12, sp20, sp21","sp10, sp11, sp12, sp20, sp21","sp10, sp11, sp12, sp20, sp21","sp10, sp11, sp12, sp20, sp21","sp10, sp11, sp12, sp20, sp21","sp10, sp11, sp12, sp20, sp21","sp10, sp11, sp12, sp20, sp21","sp10, sp11, sp12, sp20, sp21",,,,,,,,,,,yoo,yoo,,,,,,,,dist,dyr,,,,,,,,,,,,,,,,wkb_geometry,
SK01,2,'LYR',no,"inventory_id, src_filename, '', mapfid, ogc_fid",mapfid,,,"sp10, sp11, sp12, sp20, sp21, u1, u2, np",,,,,,,drain,,,NULL,NULL,NULL,NULL,np,np,"u1, u2, NULL, NULL, NULL","u1, u2, NULL, NULL, NULL","u1, u2, NULL, NULL, NULL","u1, u2, NULL, NULL, NULL","u1, u2, NULL, NULL, NULL","u1, u2, NULL, NULL, NULL","u1, u2, NULL, NULL, NULL","u1, u2, NULL, NULL, NULL","u1, u2, NULL, NULL, NULL","u1, u2, NULL, NULL, NULL",,,,,,,,,,,yoo,yoo,,,,,,,,,,,,,,,,,,,,,,,,,,
SK01,3,'NFL',no,"inventory_id, src_filename, '', mapfid, ogc_fid",,,,"sp10, sp11, sp12, sp20, sp21, u1, u2, np",,,,,,,drain,,,,,,,,,,,,,,,,,,,,,,,,,,,,,,,,,np,np,np,,,,,,,,,,,,,,,,,,,,,
SK_SFV,1,,yes,"inventory_id, src_filename, '', orig_stand_id, ogc_fid",orig_stand_id,"stand_structure, species_1_layer1, species_1_layer_2, species_1_layer3","species_1_layer1, species_1_layer2, species_1_layer3, shrub1_layer1, herb1_layer1, nvsl_layer, aquatic_class_layer, luc_layer, transp_class_layer","species_1_layer1, species_1_layer2, species_1_layer3, shrub1_layer1, herb1_layer1, nvsl_layer, aquatic_class_layer, luc_layer, transp_class_layer",,map_sheet_id,wkb_geometry,wkb_geometry,src_inv_area,stand_photo_year,soil_moist_reg,,"stand_structure, structure_range",crown_closure_upper,crown_closure_lower,height_upper,height_lower,productivity,productivity,species_1,species_per_1,species_2,species_per_2,species_3,species_per_3,species_4,species_per_4,species_5,species_per_5,species_6,species_per_6,,,,,,,,,origin_upper,origin_lower,,,"nvsl, aquatic_class","luc, transp_class",shrub_herb,shrub_herb_crown_closure,,dist_type_1,dist_year_1,dist_ext_upper_1,dist_ext_lower_1,dist_type_2,dist_year_2,dist_ext_upper_2,dist_ext_lower_2,dist_type_3,dist_year_3,dist_ext_upper_3,dist_ext_lower_3,,,,,,wkb_geometry,"inventory_id, nfl_att1, nfl_att2, nfl_att3, filter1, filter2, filter3, filter4, filter5"
SK02,1,'LYR',no,"inventory_id, src_filename, '', poly_id, ogc_fid",poly_id,"l1_layer_type, l1_sp1, l2_sp1, l3_sp1","l1_sp1, l2_sp1, l3_sp1, shrub1, herbs1, nvsl, aquatic_class, luc, transp_class","l1_sp1, l2_sp1, l3_sp1, shrub1, herbs1, nvsl, aquatic_class, luc, transp_class",,mapsheetnum,wkb_geometry,wkb_geometry,hectares,feature_source_date,smr,,"l1_layer_type, l1_height_ae",l1_crown_closure,l1_crown_closure,l1_height,l1_height,type,type,l1_sp1,l1_sp1_cover,l1_sp2,l1_sp2_cover,l1_sp3,l1_sp3_cover,l1_sp4,l1_sp4_cover,l1_sp5,l1_sp5_cover,l1_sp6,l1_sp6_cover,,,,,,,,,l1_yoo,l1_yoo,,,,,,,,disturbance_1,yod_1,disturbance_extent_1,disturbance_extent_1,disturbance_2,yod_2,disturbance_extent_2,disturbance_extent_2,disturbance_3,yod_3,disturbance_extent_3,disturbance_extent_3,,,,,,wkb_geometry,
SK02,2,'LYR',no,"inventory_id, src_filename, '', poly_id, ogc_fid",,,,"l1_sp1, l2_sp1, l3_sp1, shrub1, herbs1, nvsl, aquatic_class, luc, transp_class",,,,,,,smr,,"NULL, NULL",l2_crown_closure,l2_crown_closure,l2_height,l2_height,type,type,l2_sp1,l2_sp1_cover,l2_sp2,l2_sp2_cover,l2_sp3,l2_sp3_cover,l2_sp4,l2_sp4_cover,l2_sp5,l2_sp5_cover,l2_sp6,l2_sp6_cover,,,,,,,,,l2_yoo,l2_yoo,,,,,,,,,,,,,,,,,,,,,,,,,,
SK02,3,'LYR',no,"inventory_id, src_filename, '', poly_id, ogc_fid",,,,"l1_sp1, l2_sp1, l3_sp1, shrub1, herbs1, nvsl, aquatic_class, luc, transp_class",,,,,,,smr,,"NULL, NULL",l3_crown_closure,l3_crown_closure,l3_height,l3_height,type,type,l3_sp1,l3_sp1_cover,l3_sp2,l3_sp2_cover,l3_sp3,l3_sp3_cover,l3_sp4,l3_sp4_cover,l3_sp5,l3_sp5_cover,l3_sp6,l3_sp6_cover,,,,,,,,,l3_yoo,l3_yoo,,,,,,,,,,,,,,,,,,,,,,,,,,
SK02,4,'NFL',no,"inventory_id, src_filename, '', poly_id, ogc_fid",,,,"l1_sp1, l2_sp1, l3_sp1, shrub1, herbs1, nvsl, aquatic_class, luc, transp_class",,,,,,,smr,,,,,,,,,,,,,,,,,,,,,,,,,,,,,,,,,"NULL, NULL","NULL, NULL",shrub1,shrubs_crown_closure,,,,,,,,,,,,,,,,,,,,"inventory_id, 'non_for_veg', NULL, NULL, shrub1, NULL, NULL, NULL, NULL"
SK02,5,'NFL',no,"inventory_id, src_filename, '', poly_id, ogc_fid",,,,"l1_sp1, l2_sp1, l3_sp1, shrub1, herbs1, nvsl, aquatic_class, luc, transp_class",,,,,,,smr,,,,,,,,,,,,,,,,,,,,,,,,,,,,,,,,,"NULL, NULL","NULL, NULL",herbs1,herbs_crown_closure,,,,,,,,,,,,,,,,,,,,"inventory_id, 'non_for_veg', NULL, NULL, herbs1, NULL, NULL, NULL, NULL"
SK02,6,'NFL',no,"inventory_id, src_filename, '', poly_id, ogc_fid",,,,"l1_sp1, l2_sp1, l3_sp1, shrub1, herbs1, nvsl, aquatic_class, luc, transp_class",,,,,,,smr,,,,,,,,,,,,,,,,,,,,,,,,,,,,,,,,,"nvsl, aquatic_class","luc, transp_class",NULL,NULL,,,,,,,,,,,,,,,,,,,,"inventory_id, 'non_for_anth', 'nat_non_veg', NULL, NULL, nvsl, aquatic_class, luc, transp_class"
SK03,1,'LYR',no,"inventory_id, src_filename, '', poly_id, ogc_fid",poly_id,"l1_layer_type, l1_sp1, l2_sp1, l3_sp1","l1_sp1, l2_sp1, l3_sp1, shrub1, herbs1, nvsl, aquatic_class, luc, transp_class","l1_sp1, l2_sp1, l3_sp1, shrub1, herbs1, nvsl, aquatic_class, luc, transp_class",,mapsheetnum,wkb_geometry,wkb_geometry,hectares,feature_source_date,smr,,"l1_layer_type, l1_height_ae",l1_crown_closure,l1_crown_closure,l1_height,l1_height,type,type,l1_sp1,l1_sp1_cover,l1_sp2,l1_sp2_cover,l1_sp3,l1_sp3_cover,l1_sp4,l1_sp4_cover,l1_sp5,l1_sp5_cover,l1_sp6,l1_sp6_cover,,,,,,,,,l1_yoo,l1_yoo,,,,,,,,disturbance_1,yod_1,disturbance_extent_1,disturbance_extent_1,disturbance_2,yod_2,disturbance_extent_2,disturbance_extent_2,disturbance_3,yod_3,disturbance_extent_3,disturbance_extent_3,,,,,,wkb_geometry,
SK03,2,'LYR',no,"inventory_id, src_filename, '', poly_id, ogc_fid",,,,"l1_sp1, l2_sp1, l3_sp1, shrub1, herbs1, nvsl, aquatic_class, luc, transp_class",,,,,,,smr,,"NULL, NULL",l2_crown_closure,l2_crown_closure,l2_height,l2_height,type,type,l2_sp1,l2_sp1_cover,l2_sp2,l2_sp2_cover,l2_sp3,l2_sp3_cover,l2_sp4,l2_sp4_cover,l2_sp5,l2_sp5_cover,l2_sp6,l2_sp6_cover,,,,,,,,,l2_yoo,l2_yoo,,,,,,,,,,,,,,,,,,,,,,,,,,
SK03,3,'LYR',no,"inventory_id, src_filename, '', poly_id, ogc_fid",,,,"l1_sp1, l2_sp1, l3_sp1, shrub1, herbs1, nvsl, aquatic_class, luc, transp_class",,,,,,,smr,,"NULL, NULL",l3_crown_closure,l3_crown_closure,l3_height,l3_height,type,type,l3_sp1,l3_sp1_cover,l3_sp2,l3_sp2_cover,l3_sp3,l3_sp3_cover,l3_sp4,l3_sp4_cover,l3_sp5,l3_sp5_cover,l3_sp6,l3_sp6_cover,,,,,,,,,l3_yoo,l3_yoo,,,,,,,,,,,,,,,,,,,,,,,,,,
SK03,4,'NFL',no,"inventory_id, src_filename, '', poly_id, ogc_fid",,,,"l1_sp1, l2_sp1, l3_sp1, shrub1, herbs1, nvsl, aquatic_class, luc, transp_class",,,,,,,smr,,,,,,,,,,,,,,,,,,,,,,,,,,,,,,,,,"NULL, NULL","NULL, NULL",shrub1,shrubs_crown_closure,,,,,,,,,,,,,,,,,,,,"inventory_id, 'non_for_veg', NULL, NULL, shrub1, NULL, NULL, NULL, NULL"
SK03,5,'NFL',no,"inventory_id, src_filename, '', poly_id, ogc_fid",,,,"l1_sp1, l2_sp1, l3_sp1, shrub1, herbs1, nvsl, aquatic_class, luc, transp_class",,,,,,,smr,,,,,,,,,,,,,,,,,,,,,,,,,,,,,,,,,"NULL, NULL","NULL, NULL",herbs1,herbs_crown_closure,,,,,,,,,,,,,,,,,,,,"inventory_id, 'non_for_veg', NULL, NULL, herbs1, NULL, NULL, NULL, NULL"
SK03,6,'NFL',no,"inventory_id, src_filename, '', poly_id, ogc_fid",,,,"l1_sp1, l2_sp1, l3_sp1, shrub1, herbs1, nvsl, aquatic_class, luc, transp_class",,,,,,,smr,,,,,,,,,,,,,,,,,,,,,,,,,,,,,,,,,"nvsl, aquatic_class","luc, transp_class",NULL,NULL,,,,,,,,,,,,,,,,,,,,"inventory_id, 'non_for_anth', 'nat_non_veg', NULL, NULL, nvsl, aquatic_class, luc, transp_class"
SK04,1,'LYR',no,"inventory_id, src_filename, '', poly_id, ogc_fid",poly_id,"l1_layer_type, l1_sp1, l2_sp1, l3_sp1","l1_sp1, l2_sp1, l3_sp1, shrub1, herb1, nvsl, aquatic_class, luc, transp_class","l1_sp1, l2_sp1, l3_sp1, shrub1, herb1, nvsl, aquatic_class, luc, transp_class",,mapsheetnum,wkb_geometry,wkb_geometry,hectares,feature_source_date,smr,,"l1_layer_type, l1_height_ae",l1_crown_closure,l1_crown_closure,l1_height,l1_height,type,type,l1_sp1,l1_sp1_cover,l1_sp2,l1_sp2_cover,l1_sp3,l1_sp3_cover,l1_sp4,l1_sp4_cover,l1_sp5,l1_sp5_cover,l1_sp6,l1_sp6_cover,,,,,,,,,l1_yoo,l1_yoo,,,,,,,,disturbance_1,yod_1,disturbance_extent_1,disturbance_extent_1,disturbance_2,yod_2,disturbance_extent_2,disturbance_extent_2,disturbance_3,yod_3,disturbance_extent_3,disturbance_extent_3,,,,,,wkb_geometry,
SK04,2,'LYR',no,"inventory_id, src_filename, '', poly_id, ogc_fid",,,,"l1_sp1, l2_sp1, l3_sp1, shrub1, herb1, nvsl, aquatic_class, luc, transp_class",,,,,,,smr,,"NULL, NULL",l2_crown_closure,l2_crown_closure,l2_height,l2_height,type,type,l2_sp1,l2_sp1_cover,l2_sp2,l2_sp2_cover,l2_sp3,l2_sp3_cover,l2_sp4,l2_sp4_cover,l2_sp5,l2_sp5_cover,l2_sp6,l2_sp6_cover,,,,,,,,,l2_yoo,l2_yoo,,,,,,,,,,,,,,,,,,,,,,,,,,
SK04,3,'LYR',no,"inventory_id, src_filename, '', poly_id, ogc_fid",,,,"l1_sp1, l2_sp1, l3_sp1, shrub1, herb1, nvsl, aquatic_class, luc, transp_class",,,,,,,smr,,"NULL, NULL",l3_crown_closure,l3_crown_closure,l3_height,l3_height,type,type,l3_sp1,l3_sp1_cover,l3_sp2,l3_sp2_cover,l3_sp3,l3_sp3_cover,l3_sp4,l3_sp4_cover,l3_sp5,l3_sp5_cover,l3_sp6,l3_sp6_cover,,,,,,,,,l3_yoo,l3_yoo,,,,,,,,,,,,,,,,,,,,,,,,,,
SK04,4,'NFL',no,"inventory_id, src_filename, '', poly_id, ogc_fid",,,,"l1_sp1, l2_sp1, l3_sp1, shrub1, herb1, nvsl, aquatic_class, luc, transp_class",,,,,,,smr,,,,,,,,,,,,,,,,,,,,,,,,,,,,,,,,,"NULL, NULL","NULL, NULL",shrub1,shrubs_crown_closure,,,,,,,,,,,,,,,,,,,,"inventory_id, 'non_for_veg', NULL, NULL, shrub1, NULL, NULL, NULL, NULL"
SK04,5,'NFL',no,"inventory_id, src_filename, '', poly_id, ogc_fid",,,,"l1_sp1, l2_sp1, l3_sp1, shrub1, herb1, nvsl, aquatic_class, luc, transp_class",,,,,,,smr,,,,,,,,,,,,,,,,,,,,,,,,,,,,,,,,,"NULL, NULL","NULL, NULL",herb1,herbs_crown_closure,,,,,,,,,,,,,,,,,,,,"inventory_id, 'non_for_veg', NULL, NULL, herb1, NULL, NULL, NULL, NULL"
SK04,6,'NFL',no,"inventory_id, src_filename, '', poly_id, ogc_fid",,,,"l1_sp1, l2_sp1, l3_sp1, shrub1, herb1, nvsl, aquatic_class, luc, transp_class",,,,,,,smr,,,,,,,,,,,,,,,,,,,,,,,,,,,,,,,,,"nvsl, aquatic_class","luc, transp_class",NULL,NULL,,,,,,,,,,,,,,,,,,,,"inventory_id, 'non_for_anth', 'nat_non_veg', NULL, NULL, nvsl, aquatic_class, luc, transp_class"
SK05,1,'LYR',no,"inventory_id, src_filename, '', poly_id, ogc_fid",poly_id,"l1_layer_type, l1_sp1, l2_sp1, l3_sp1","l1_sp1, l2_sp1, l3_sp1, shrub1, herbs1, nvsl, aquatic_class, luc, transp_class","l1_sp1, l2_sp1, l3_sp1, shrub1, herbs1, nvsl, aquatic_class, luc, transp_class",,mapsheetnum,wkb_geometry,wkb_geometry,hectares,feature_source_date,smr,,"l1_layer_type, l1_height_ae",l1_crown_closure,l1_crown_closure,l1_height,l1_height,type,type,l1_sp1,l1_sp1_cover,l1_sp2,l1_sp2_cover,l1_sp3,l1_sp3_cover,l1_sp4,l1_sp4_cover,l1_sp5,l1_sp5_cover,l1_sp6,l1_sp6_cover,,,,,,,,,l1_yoo,l1_yoo,,,,,,,,disturbance_1,yod_1,disturbance_extent_1,disturbance_extent_1,disturbance_2,yod_2,disturbance_extent_2,disturbance_extent_2,disturbance_3,yod_3,disturbance_extent_3,disturbance_extent_3,,,,,,wkb_geometry,
SK05,2,'LYR',no,"inventory_id, src_filename, '', poly_id, ogc_fid",,,,"l1_sp1, l2_sp1, l3_sp1, shrub1, herbs1, nvsl, aquatic_class, luc, transp_class",,,,,,,smr,,"NULL, NULL",l2_crown_closure,l2_crown_closure,l2_height,l2_height,type,type,l2_sp1,l2_sp1_cover,l2_sp2,l2_sp2_cover,l2_sp3,l2_sp3_cover,l2_sp4,l2_sp4_cover,l2_sp5,l2_sp5_cover,l2_sp6,l2_sp6_cover,,,,,,,,,l2_yoo,l2_yoo,,,,,,,,,,,,,,,,,,,,,,,,,,
SK05,3,'LYR',no,"inventory_id, src_filename, '', poly_id, ogc_fid",,,,"l1_sp1, l2_sp1, l3_sp1, shrub1, herbs1, nvsl, aquatic_class, luc, transp_class",,,,,,,smr,,"NULL, NULL",l3_crown_closure,l3_crown_closure,l3_height,l3_height,type,type,l3_sp1,l3_sp1_cover,l3_sp2,l3_sp2_cover,l3_sp3,l3_sp3_cover,l3_sp4,l3_sp4_cover,l3_sp5,l3_sp5_cover,l3_sp6,l3_sp6_cover,,,,,,,,,l3_yoo,l3_yoo,,,,,,,,,,,,,,,,,,,,,,,,,,
SK05,4,'NFL',no,"inventory_id, src_filename, '', poly_id, ogc_fid",,,,"l1_sp1, l2_sp1, l3_sp1, shrub1, herbs1, nvsl, aquatic_class, luc, transp_class",,,,,,,smr,,,,,,,,,,,,,,,,,,,,,,,,,,,,,,,,,"NULL, NULL","NULL, NULL",shrub1,shrubs_crown_closure,,,,,,,,,,,,,,,,,,,,"inventory_id, 'non_for_veg', NULL, NULL, shrub1, NULL, NULL, NULL, NULL"
SK05,5,'NFL',no,"inventory_id, src_filename, '', poly_id, ogc_fid",,,,"l1_sp1, l2_sp1, l3_sp1, shrub1, herbs1, nvsl, aquatic_class, luc, transp_class",,,,,,,smr,,,,,,,,,,,,,,,,,,,,,,,,,,,,,,,,,"NULL, NULL","NULL, NULL",herbs1,herbs_crown_closure,,,,,,,,,,,,,,,,,,,,"inventory_id, 'non_for_veg', NULL, NULL, herbs1, NULL, NULL, NULL, NULL"
SK05,6,'NFL',no,"inventory_id, src_filename, '', poly_id, ogc_fid",,,,"l1_sp1, l2_sp1, l3_sp1, shrub1, herbs1, nvsl, aquatic_class, luc, transp_class",,,,,,,smr,,,,,,,,,,,,,,,,,,,,,,,,,,,,,,,,,"nvsl, aquatic_class","luc, transp_class",NULL,NULL,,,,,,,,,,,,,,,,,,,,"inventory_id, 'non_for_anth', 'nat_non_veg', NULL, NULL, nvsl, aquatic_class, luc, transp_class"
SK06,1,'LYR',no,"inventory_id, src_filename, '', stand, ogc_fid",stand,"NULL, sp1_1, sp1_2, sp1_3","sp1_1, sp1_2, sp1_3, sp1_s, sp1_h, nonfor, NULL, nonfor, landuse","sp1_1, sp1_2, sp1_3, sp1_s, sp1_h, nonfor, NULL, nonfor, landuse",,id_tile,wkb_geometry,wkb_geometry,NULL,2000,moist,,"NULL, NULL",crown_1,crown_1,height_1,height_1,NULL,NULL,sp1_1,per1_1,sp2_1,per2_1,sp3_1,per3_1,sp4_1,per4_1,sp5_1,per5_1,sp6_1,per6_1,,,,,,,,,origin_1,origin_1,,,,,,,,mod1,year1,ext1,ext1,mod2,year2,ext2,ext2,mod3,year3,ext3,ext3,,,,,,wkb_geometry,
SK06,2,'LYR',no,"inventory_id, src_filename, '', stand, ogc_fid",,,"sp1_1, sp1_2, sp1_3, sp1_s, sp1_h, nonfor, NULL, nonfor, landuse","sp1_1, sp1_2, sp1_3, sp1_s, sp1_h, nonfor, NULL, nonfor, landuse",,,,,,,moist,,"NULL, NULL",crown_2,crown_2,height_2,height_2,NULL,NULL,sp1_2,per1_2,sp2_2,per2_2,sp3_2,per3_2,sp4_2,per4_2,sp5_2,per5_2,sp6_2,per6_2,,,,,,,,,origin_2,origin_2,,,,,,,,,,,,,,,,,,,,,,,,,,
SK06,3,'LYR',no,"inventory_id, src_filename, '', stand, ogc_fid",,,"sp1_1, sp1_2, sp1_3, sp1_s, sp1_h, nonfor, NULL, nonfor, landuse","sp1_1, sp1_2, sp1_3, sp1_s, sp1_h, nonfor, NULL, nonfor, landuse",,,,,,,moist,,"NULL, NULL",crown_3,crown_3,height_3,height_3,NULL,NULL,sp1_3,per1_3,sp2_3,per2_3,sp3_3,per3_3,sp4_3,per4_3,sp5_3,per5_3,sp6_3,per6_3,,,,,,,,,origin_3,origin_3,,,,,,,,,,,,,,,,,,,,,,,,,,
SK06,4,'NFL',no,"inventory_id, src_filename, '', stand, ogc_fid",,,"sp1_1, sp1_2, sp1_3, sp1_s, sp1_h, nonfor, NULL, nonfor, landuse","sp1_1, sp1_2, sp1_3, sp1_s, sp1_h, nonfor, NULL, nonfor, landuse",,,,,,,moist,,,,,,,,,,,,,,,,,,,,,,,,,,,,,,,,,"NULL, NULL","NULL, NULL",sp1_s,crown_s,,,,,,,,,,,,,,,,,,,,"inventory_id, 'non_for_veg', NULL, NULL, sp1_s, NULL, NULL, NULL, NULL"
SK06,5,'NFL',no,"inventory_id, src_filename, '', stand, ogc_fid",,,"sp1_1, sp1_2, sp1_3, sp1_s, sp1_h, nonfor, NULL, nonfor, landuse","sp1_1, sp1_2, sp1_3, sp1_s, sp1_h, nonfor, NULL, nonfor, landuse",,,,,,,moist,,,,,,,,,,,,,,,,,,,,,,,,,,,,,,,,,"NULL, NULL","NULL, NULL",sp1_h,crown_h,,,,,,,,,,,,,,,,,,,,"inventory_id, 'non_for_veg', NULL, NULL, sp1_h, NULL, NULL, NULL, NULL"
SK06,6,'NFL',no,"inventory_id, src_filename, '', stand, ogc_fid",,,"sp1_1, sp1_2, sp1_3, sp1_s, sp1_h, nonfor, NULL, nonfor, landuse","sp1_1, sp1_2, sp1_3, sp1_s, sp1_h, nonfor, NULL, nonfor, landuse",,,,,,,moist,,,,,,,,,,,,,,,,,,,,,,,,,,,,,,,,,"nonfor, NULL","nonfor, landuse",NULL,NULL,,,,,,,,,,,,,,,,,,,,"inventory_id, 'non_for_anth', 'nat_non_veg', NULL, NULL, nonfor, NULL, nonfor, landuse"
NS_NSI,1,,yes,"inventory_id, src_filename, map_sheet_id, orig_stand_id, forest_",orig_stand_id,"species_1_layer1, species_2_layer1, species_3_layer1, species_4_layer1, species_1_layer2","species_1_layer1, species_2_layer1, species_3_layer1, species_4_layer1, species_1_layer2, fornon","species_1_layer1, species_2_layer1, species_3_layer1, species_4_layer1, species_1_layer2, fornon",,map_sheet_id,wkb_geometry,wkb_geometry,src_inv_area,stand_photo_year,,,,crown_closure_upper,crown_closure_lower,height_upper,height_lower,productivity,productivity,species_1,species_per_1,species_2,species_per_2,species_3,species_per_3,species_4,species_per_4,,,,,,,,,,,,,"age, stand_photo_year","age, stand_photo_year","site_sw, site_hw",,fornon,fornon,fornon,fornon,fornon,dist_type_1,dist_ext_upper_1,dist_ext_lower_1,,,,,,,,,,,,,,,wkb_geometry,
NS03,1,'LYR',no,"inventory_id, src_filename, mapsheet, forest_id, forest_",forest_id,"sp1, sp2, sp3, sp4, ss_species","sp1, sp2, sp3, sp4, ss_species, fornon","sp1, sp2, sp3, sp4, ss_species, fornon",,mapsheet,wkb_geometry,wkb_geometry,hectares,photoyr,,,,crncl,crncl,height,height,fornon,fornon,sp1,sp1p,sp2,sp2p,sp3,sp3p,sp4,sp4p,,,,,,,,,,,,,"age, photoyr","age, photoyr","site_sw, site_hw",,,,,,,fornon,fornon,fornon,,,,,,,,,,,,,,,wkb_geometry,
NS03,2,'LYR',no,"inventory_id, src_filename, mapsheet, forest_id, forest_",,,,"sp1, sp2, sp3, sp4, ss_species, fornon",,,,,,,,,,ss_crncl,ss_crncl,ss_height,ss_height,fornon,fornon,ss_species,ss_species,ss_species,ss_species,NULL,NULL,NULL,NULL,,,,,,,,,,,,,"999,999","999,999","site_sw, site_hw",,,,,,,,,,,,,,,,,,,,,,,,,
NS03,3,'NFL',no,"inventory_id, src_filename, mapsheet, forest_id, forest_",,,,"sp1, sp2, sp3, sp4, ss_species, fornon",,,,,,,,,,,,,,,,,,,,,,,,,,,,,,,,,,,,,,,,fornon,fornon,fornon,fornon,fornon,,,,,,,,,,,,,,,,,,,
PE_PEI,1,,yes,"inventory_id, src_filename, map_sheet_id, orig_stand_id, ogc_fid",orig_stand_id,"species_1, species_2, species_3, species_4, species_5","species_1, species_2, species_3, species_4, species_5, landtype","species_1, species_2, species_3, species_4, species_5, landtype",,map_sheet_id,wkb_geometry,wkb_geometry,src_inv_area,,,,,crown_closure_upper,crown_closure_lower,height_upper,height_lower,,,species_1,species_per_1,species_2,species_per_2,species_3,species_per_3,species_4,species_per_4,species_5,species_per_5,,,,,,,,,,,,,,,landtype,landtype,landtype,,,dist_type_1,,,,dist_type_2,,,,,,,,,,,,,wkb_geometry,
PE01,1,'LYR',no,"inventory_id, src_filename, map, stand, ogc_fid",stand,"spec1, spec2, spec3, spec4, spec5","spec1, spec2, spec3, spec4, spec5, landtype","spec1, spec2, spec3, spec4, spec5, landtype",,map,wkb_geometry,wkb_geometry,area,,,,,crown,crown,height,height,,,spec1,per1,spec2,per2,spec3,per3,spec4,per4,spec5,per5,,,,,,,,,,,,,,,,,,,,org_hist,,,,org_hist,,,,,,,,,,,,,wkb_geometry,
PE01,2,'NFL',no,"inventory_id, src_filename, map, stand, ogc_fid",,,,"spec1, spec2, spec3, spec4, spec5, landtype",,,,,,,,,,,,,,,,,,,,,,,,,,,,,,,,,,,,,,,,landtype,landtype,landtype,,,,,,,,,,,,,,,,,,,,,
MB_FRI,1,,yes,"inventory_id, src_filename, map_sheet_id, orig_stand_id, ogc_fid",orig_stand_id,"species_1_layer1, species_2_layer1, species_3_layer1, species_4_layer1, species_5_layer1, species_6_layer1, species_1_layer2, species_2_layer2, species_3_layer2, species_4_layer2, species_5_layer2, species_6_layer2",,,,,wkb_geometry,wkb_geometry,src_inv_area,yearphoto,soil_moist_reg,,,crown_closure_upper,crown_closure_lower,height_upper,height_lower,cover_type,productivity,species_1,species_per_1,species_2,species_per_2,species_3,species_per_3,species_4,species_per_4,species_5,species_per_5,species_6,species_per_6,,,,,,,,,origin_upper,origin_lower,site_class,,productivity,productivity,productivity,,,,,,,,,,,,,,,,,,,,wkb_geometry,
MB05,1,'LYR',no,"inventory_id, src_filename, mu_id, 'poly_id', ogc_fid",poly_id,"sp1, sp2, sp3, sp4, sp5, sp6",,,,mu_id,wkb_geometry,wkb_geometry,shape_area,,moist,,,crowncl,crowncl,height,height,cover_type,productivity,sp1,sp1per,sp2,sp2per,sp3,sp3per,sp4,sp4per,sp5,sp5per,sp6,sp6per,,,,,,,,,year_org,year_org,site,,,,,,,,,,,,,,,,,,,,,,,,wkb_geometry,
MB05,3,'NFL',no,"inventory_id, src_filename, mu_id, 'poly_id', ogc_fid",,,,,,,,,,,moist,,,,,,,,,,,,,,,,,,,,,,,,,,,,,,,,,productivity,productivity,productivity,,,,,,,,,,,,,,,,,,,,,
MB_FLI,1,,yes,"inventory_id, src_filename, map_sheet_id, orig_stand_id, ogc_fid",orig_stand_id,"species_1_layer1, species_2_layer1, species_3_layer1, species_4_layer1, species_5_layer1, species_6_layer1, species_1_layer2, species_2_layer2, species_3_layer2, species_4_layer2, species_5_layer2, species_6_layer2",,,,,wkb_geometry,wkb_geometry,src_inv_area,stand_photo_year,soil_moist_reg,,,crown_closure_upper,crown_closure_lower,height_upper,height_lower,,,species_1,species_per_1,species_2,species_per_2,species_3,species_per_3,species_4,species_per_4,species_5,species_per_5,species_6,species_per_6,,,,,,,,,origin_upper,origin_lower,,,nnf_anth,nnf_anth,nnf_anth,nnf_anth,,dist_type_1,dist_year_1,dist_ext_upper_1,dist_ext_lower_1,dist_type_2,dist_year_2,dist_ext_upper_1,dist_ext_lower_1,,,,,,,,,,wkb_geometry,
MB06,1,'LYR',no,"inventory_id, src_filename, mu_id, 'poly_id', ogc_fid",poly_id,"sp1, sp2, sp3, sp4, sp5, sp6, us2sp1, us2sp2, us2sp3, us2sp4, us2sp5, us3sp1, us3sp2, us3sp3, us3sp4, us3sp5, us4sp1, us4sp2, us4sp3, us4sp4, us4sp5, us5sp1, us5sp2, us5sp3, us5sp4, us5sp5",,,,mu_id,wkb_geometry,wkb_geometry,shape_area,yearphoto,mr,,,crowncl,crowncl,height,height,,,sp1,sp1per,sp2,sp2per,sp3,sp3per,sp4,sp4per,sp5,sp5per,sp6,sp6per,,,,,,,,,origin,origin,,,,,,,,mod1,orig1,ext1,ext1,mod2,orig2,ext2,ext2,,,,,,,,,,wkb_geometry,
MB06,2,'LYR',no,"inventory_id, src_filename, mu_id, 'poly_id', ogc_fid",,,,,,,,,,,mr,,,us2cc,us2cc,us2ht,us2ht,,,us2sp1,us2sp1per,us2sp2,us2sp2per,us2sp3,us2sp3per,us2sp4,us2sp4per,us2sp5,us2sp5per,us2sp6,us2sp6per,,,,,,,,,us2origin,us2origin,,,,,,,,,,,,,,,,,,,,,,,,,,
MB06,3,'LYR',no,"inventory_id, src_filename, mu_id, 'poly_id', ogc_fid",,,,,,,,,,,mr,,,us3cc,us3cc,us3ht,us3ht,,,us3sp1,us3sp1per,us3sp2,us3sp2per,us3sp3,us3sp3per,us3sp4,us3sp4per,us3sp5,us3sp5per,us3sp6,us3sp6per,,,,,,,,,us3origin,us3origin,,,,,,,,,,,,,,,,,,,,,,,,,,
MB06,4,'LYR',no,"inventory_id, src_filename, mu_id, 'poly_id', ogc_fid",,,,,,,,,,,mr,,,us4cc,us4cc,us4ht,us4ht,,,us4sp1,us4sp1per,us4sp2,us4sp2per,us4sp3,us4sp3per,us4sp4,us4sp4per,us4sp5,us4sp5per,us4sp6,us4sp6per,,,,,,,,,us4origin,us4origin,,,,,,,,,,,,,,,,,,,,,,,,,,
MB06,5,'LYR',no,"inventory_id, src_filename, mu_id, 'poly_id', ogc_fid",,,,,,,,,,,mr,,,us5cc,us5cc,us5ht,us5ht,,,us5sp1,us5sp1per,us5sp2,us5sp2per,us5sp3,us5sp3per,us5sp4,us5sp4per,us5sp5,us5sp5per,us5sp6,us5sp6per,,,,,,,,,us5origin,us5origin,,,,,,,,,,,,,,,,,,,,,,,,,,
MB06,3,'NFL',no,"inventory_id, src_filename, mu_id, 'poly_id', ogc_fid",,,,,,,,,,,mr,,,,,,,,,,,,,,,,,,,,,,,,,,,,,,,,,nnf_anth,nnf_anth,nnf_anth,nnf_anth,,,,,,,,,,,,,,,,,,,,
NL_NLI,1,,yes,"inventory_id, src_filename, '', orig_stand_id, ogc_fid",orig_stand_id,,,,,,,,src_inv_area,,soil_moisture_regime,,,,,,,,,,,,,,,,,,,,,,,,,,,,,,,,,,,,,,,,,,,,,,,,,,,,,,,,
NL01,1,LYR',no,"inventory_id, src_filename, '', stand_id, ogc_fid",stand_id,,,,,,,,area,,site,,,,,,,,,,,,,,,,,,,,,,,,,,,,,,,,,,,,,,,,,,,,,,,,,,,,,,,,
